{
  "version": 2,
  "cleanUrls": true,
  "trailingSlash": false,
  "rewrites": [
    { 
      "source": "/api/(.*)", 
      "destination": "/api/index.js" 
    },
    { 
      "source": "/dashboard", 
      "destination": "/dashboard.html" 
    },
    { 
      "source": "/(.*)", 
      "destination": "/index.html" 
    }
  ],
  "headers": [
    {
      "source": "/assets/(.*)",
      "headers": [
        {
          "key": "Cache-Control",
          "value": "public, max-age=31536000, immutable"
        }
      ]
    }
  ]
}
